date_utc,mark_ts_utc,flow_frac,ret_twr,nav_idx,ret_l1,nav_l1_idx,btc_close,ret_btc,version
2026-10-01,2026-10-01T23:59:59Z,,,100.000000,,100.000000,84880.05,,1.0
2026-10-02,2026-10-02T23:59:59Z,0.00000000,-0.01573440,98.426560,-0.00524480,99.475520,84518.01,-0.00426531,1.0
2026-10-03,2026-10-03T23:59:59Z,0.00000000,0.00750575,99.165325,0.00250192,99.724400,84753.56,0.00278698,1.0
2026-10-04,2026-10-04T23:59:59Z,0.00000000,0.06023995,105.139040,0.02007998,101.726864,86530.00,0.02096006,1.0
2026-10-05,2026-10-05T23:59:59Z,0.00000000,-0.02505213,102.505083,-0.00835071,100.877372,85766.87,-0.00881925,1.0
2026-10-06,2026-10-06T23:59:59Z,0.00000000,-0.00654902,101.833775,-0.00218301,100.657156,85549.93,-0.00252941,1.0
2026-10-07,2026-10-07T23:59:59Z,0.00000000,-0.07291940,94.408117,-0.02430647,98.210536,83321.81,-0.02604467,1.0
2026-10-08,2026-10-08T23:59:59Z,0.24368219,-0.03666042,90.947076,-0.01222014,97.010390,81754.45,-0.01881092,1.0
2026-10-09,2026-10-09T23:59:59Z,0.00000000,0.00000000,90.947076,0.00000000,97.010390,82635.55,0.01077739,1.0
